Frame,AU1,AU2,AU4,AU5,AU6,AU7,AU9,AU10,AU11,AU12,AU14,AU15,AU17,AU20,AU23,AU24,AU25,AU26,AU28,AU43
0,0.4400716,0.3556811,0.40031666,0.3571334,0.130382,0.0,0.43396708,0.12708224,0.0,0.027651025,0.3814507,0.2828139,0.49750164,0.0,0.597973,0.46226335,0.17194243,0.1554266,0.1948608,0.52212644
